{
    "Pooled_Survival_Proportion": 0.07580000000000002,
    "95%_CI": [
        0.016632401611131383,
        0.28454442749324693
    ],
    "I2": 0,
    "Q": 0.0,
    "p_value_for_Q": NaN,
    "tau2": 0,
    "Z": -3.1046534607136618,
    "p_value_for_Z": 0.0019050207561093213,
    "combined_results": [
        {
            "study_id": "Camargo2019",
            "sample_size": 22,
            "effect_size": 0.07580000000000002,
            "ci_lb": 0.016632401611131383,
            "ci_ub": 0.28454442749324693,
            "weight_percent": 100.0
        },
        {
            "study_id": "Pooled Estimate",
            "sample_size": 22,
            "effect_size": 0.07580000000000002,
            "ci_lb": 0.016632401611131383,
            "ci_ub": 0.28454442749324693,
            "weight_percent": 100.0
        }
    ]
}