{
    "Pooled_Survival_Proportion": 0.5482665046233195,
    "95%_CI": [
        0.32156012995948946,
        0.7565670271852015
    ],
    "I2": 43.340776223649726,
    "Q": 3.52987539662484,
    "p_value_for_Q": 0.17119745204286796,
    "tau2": 0.30101676621771983,
    "combined_results": [
        {
            "study_id": "Delaney1992",
            "sample_size": 17,
            "effect_size": 0.41179999999999994,
            "ci_lb": 0.21041672104319156,
            "ci_ub": 0.6477940878436222,
            "weight_percent": 42.316464904839144
        },
        {
            "study_id": "Mazuecos2012",
            "sample_size": 10,
            "effect_size": 0.8,
            "ci_lb": 0.4592849287385455,
            "ci_ub": 0.9495885481284262,
            "weight_percent": 24.85328324849417
        },
        {
            "study_id": "Stock2003",
            "sample_size": 10,
            "effect_size": 0.5,
            "ci_lb": 0.22450338323732008,
            "ci_ub": 0.7754966167626799,
            "weight_percent": 32.83025184666668
        },
        {
            "study_id": "Pooled Estimate",
            "sample_size": 37,
            "effect_size": 0.5482665046233195,
            "ci_lb": 0.32156012995948946,
            "ci_ub": 0.7565670271852015,
            "weight_percent": 100.0
        }
    ],
    "Z_value": 0.4037002497868575,
    "p_value_for_Z": 0.6864331559002399
}