{
    "Pooled_Survival_Proportion": 0.3152668961935471,
    "95%_CI": [
        0.13381437220448383,
        0.5784531295683003
    ],
    "I2": 36.159682980837985,
    "Q": 1.5664082615690091,
    "p_value_for_Q": 0.21072938881846748,
    "tau2": 0.24320612089655533,
    "combined_results": [
        {
            "study_id": "Delaney1992",
            "sample_size": 17,
            "effect_size": 0.41179999999999994,
            "ci_lb": 0.21041672104319156,
            "ci_ub": 0.6477940878436222,
            "weight_percent": 63.866724039241674
        },
        {
            "study_id": "Muthukumar2013",
            "sample_size": 11,
            "effect_size": 0.17999999999999997,
            "ci_lb": 0.045020980934550044,
            "ci_ub": 0.505466224171731,
            "weight_percent": 36.13327596075834
        },
        {
            "study_id": "Pooled Estimate",
            "sample_size": 28,
            "effect_size": 0.3152668961935471,
            "ci_lb": 0.13381437220448383,
            "ci_ub": 0.5784531295683003,
            "weight_percent": 100.00000000000001
        }
    ],
    "Z_value": -1.3920736890307752,
    "p_value_for_Z": 0.1639000847355403
}