{
    "Pooled_Survival_Proportion": 0.7475150948547048,
    "95%_CI": [
        0.6584507454920822,
        0.8197135899158347
    ],
    "I2": 31.475385534623285,
    "Q": 2.918659252013064,
    "p_value_for_Q": 0.2323920120839812,
    "tau2": 0.051576954304472365,
    "combined_results": [
        {
            "study_id": "Alfano2018",
            "sample_size": 19,
            "effect_size": 0.597,
            "ci_lb": 0.3719768240106078,
            "ci_ub": 0.7874640589535639,
            "weight_percent": 17.721819119613894
        },
        {
            "study_id": "Durand2024",
            "sample_size": 198,
            "effect_size": 0.775,
            "ci_lb": 0.711606032065545,
            "ci_ub": 0.8278304066077187,
            "weight_percent": 59.48385157516311
        },
        {
            "study_id": "Lorio2016",
            "sample_size": 36,
            "effect_size": 0.7736000000000001,
            "ci_lb": 0.6102082919274613,
            "ci_ub": 0.8817716657227017,
            "weight_percent": 22.79432930522301
        },
        {
            "study_id": "Pooled Estimate",
            "sample_size": 253,
            "effect_size": 0.7475150948547048,
            "ci_lb": 0.6584507454920822,
            "ci_ub": 0.8197135899158347,
            "weight_percent": 100.0
        }
    ],
    "Z_value": 4.958890679660207,
    "p_value_for_Z": 7.089684614935976e-07
}