{
    "Pooled_Survival_Proportion": 0.9274594530441993,
    "95%_CI": [
        0.7510179015367596,
        0.9818818772376875
    ],
    "I2": 0,
    "Q": 0.09711858674704837,
    "p_value_for_Q": 0.7553152324371817,
    "tau2": 0,
    "combined_results": [
        {
            "study_id": "Delaney1992",
            "sample_size": 17,
            "effect_size": 0.9411999999999999,
            "ci_lb": 0.6796825070579684,
            "ci_ub": 0.9917863840416642,
            "weight_percent": 51.08386301109951
        },
        {
            "study_id": "Muthukumar2013",
            "sample_size": 11,
            "effect_size": 0.9100000000000001,
            "ci_lb": 0.561843148524965,
            "ci_ub": 0.9876127640392585,
            "weight_percent": 48.91613698890049
        },
        {
            "study_id": "Pooled Estimate",
            "sample_size": 28,
            "effect_size": 0.9274594530441993,
            "ci_lb": 0.7510179015367596,
            "ci_ub": 0.9818818772376875,
            "weight_percent": 100.0
        }
    ],
    "Z_value": 3.458305468457191,
    "p_value_for_Z": 0.0005435846734511696
}