{
    "Pooled_Survival_Proportion": 0.25248490514529515,
    "95%_CI": [
        0.18028641008416532,
        0.3415492545079177
    ],
    "I2": 31.475385534623168,
    "Q": 2.918659252013059,
    "p_value_for_Q": 0.23239201208398175,
    "tau2": 0.0515769543044721,
    "combined_results": [
        {
            "study_id": "Alfano2018",
            "sample_size": 19,
            "effect_size": 0.40299999999999997,
            "ci_lb": 0.21253594104643614,
            "ci_ub": 0.6280231759893923,
            "weight_percent": 17.72181911961386
        },
        {
            "study_id": "Durand2024",
            "sample_size": 198,
            "effect_size": 0.22500000000000003,
            "ci_lb": 0.17216959339228136,
            "ci_ub": 0.28839396793445515,
            "weight_percent": 59.48385157516316
        },
        {
            "study_id": "Lorio2016",
            "sample_size": 36,
            "effect_size": 0.22640000000000002,
            "ci_lb": 0.11822833427729831,
            "ci_ub": 0.3897917080725388,
            "weight_percent": 22.79432930522298
        },
        {
            "study_id": "Pooled Estimate",
            "sample_size": 253,
            "effect_size": 0.25248490514529515,
            "ci_lb": 0.18028641008416532,
            "ci_ub": 0.3415492545079177,
            "weight_percent": 100.0
        }
    ],
    "Z_value": -4.958890679660214,
    "p_value_for_Z": 7.089684614935976e-07
}