{
    "Pooled_Survival_Proportion": 0.6847331038064529,
    "95%_CI": [
        0.42154687043169964,
        0.8661856277955162
    ],
    "I2": 36.159682980837985,
    "Q": 1.5664082615690091,
    "p_value_for_Q": 0.21072938881846748,
    "tau2": 0.24320612089655552,
    "combined_results": [
        {
            "study_id": "Delaney1992",
            "sample_size": 17,
            "effect_size": 0.5882000000000001,
            "ci_lb": 0.3522059121563777,
            "ci_ub": 0.7895832789568085,
            "weight_percent": 63.86672403924166
        },
        {
            "study_id": "Muthukumar2013",
            "sample_size": 11,
            "effect_size": 0.8200000000000001,
            "ci_lb": 0.49453377582826885,
            "ci_ub": 0.9549790190654499,
            "weight_percent": 36.13327596075834
        },
        {
            "study_id": "Pooled Estimate",
            "sample_size": 28,
            "effect_size": 0.6847331038064529,
            "ci_lb": 0.42154687043169964,
            "ci_ub": 0.8661856277955162,
            "weight_percent": 100.0
        }
    ],
    "Z_value": 1.3920736890307748,
    "p_value_for_Z": 0.1639000847355403
}