{
    "Pooled_Hazard_Ratio": 0.6060627471807497,
    "95%_CI": [
        0.4156241424131318,
        0.8837601477807512
    ],
    "I2": 0,
    "Q": 0.0,
    "p_value_for_Q": NaN,
    "tau2": 0,
    "Z": -2.6020863683325928,
    "p_value_for_Z": 0.009265851384012702,
    "combined_results": [
        {
            "study_id": "Muller2015",
            "sample_size": 27.0,
            "effect_size": 0.6060627471807497,
            "ci_lb": 0.4156241424131318,
            "ci_ub": 0.8837601477807512,
            "weight_percent": 100.0
        },
        {
            "study_id": "Pooled Estimate",
            "sample_size": 27.0,
            "effect_size": 0.6060627471807497,
            "ci_lb": 0.4156241424131318,
            "ci_ub": 0.8837601477807512,
            "weight_percent": 100.0
        }
    ]
}