{
    "Pooled_Hazard_Ratio": 2.3973526347362157,
    "95%_CI": [
        0.16257697692884873,
        35.35125184294675
    ],
    "I2": 99.17721799507562,
    "Q": 121.53887591305579,
    "p_value_for_Q": 0.0,
    "tau2": 3.738937354710527,
    "Z": 0.6368544860346088,
    "p_value_for_Z": 0.5242196315729086,
    "combined_results": [
        {
            "study_id": "Gathogo2017",
            "sample_size": 40.0,
            "effect_size": 9.441531653342988,
            "ci_lb": 6.925532938310417,
            "ci_ub": 12.871575480922504,
            "weight_percent": 50.07982213480609
        },
        {
            "study_id": "Muller2015",
            "sample_size": 27.0,
            "effect_size": 0.6060627471807497,
            "ci_lb": 0.4156241424131318,
            "ci_ub": 0.8837601477807512,
            "weight_percent": 49.92017786519391
        },
        {
            "study_id": "Pooled Estimate",
            "sample_size": 67.0,
            "effect_size": 2.3973526347362157,
            "ci_lb": 0.16257697692884873,
            "ci_ub": 35.35125184294675,
            "weight_percent": 100.0
        }
    ]
}