{
    "Pooled_Survival_Proportion": 0.49262635529120097,
    "95%_CI": [
        0.1057624954672924,
        0.8885269378586439
    ],
    "I2": 81.8422222077719,
    "Q": 5.507281846063895,
    "p_value_for_Q": 0.018937455601336528,
    "tau2": 1.893034224339725,
    "combined_results": [
        {
            "study_id": "Delaney1992",
            "sample_size": 17,
            "effect_size": 0.2587999999999999,
            "ci_lb": 0.10549614331925578,
            "ci_ub": 0.5082904788344751,
            "weight_percent": 52.45000599026943
        },
        {
            "study_id": "Mazuecos2012",
            "sample_size": 10,
            "effect_size": 0.75,
            "ci_lb": 0.4175669558896994,
            "ci_ub": 0.9262179369188835,
            "weight_percent": 47.54999400973057
        },
        {
            "study_id": "Pooled Estimate",
            "sample_size": 27,
            "effect_size": 0.49262635529120097,
            "ci_lb": 0.1057624954672924,
            "ci_ub": 0.8885269378586439,
            "weight_percent": 100.0
        }
    ],
    "Z_value": -0.02746124086170518,
    "p_value_for_Z": 0.9780918534915519
}