{
    "Pooled_Survival_Proportion": 0.7750856900597299,
    "95%_CI": [
        0.7030173363999365,
        0.8337998257336047
    ],
    "I2": 19.831857213292373,
    "Q": 2.494756558501206,
    "p_value_for_Q": 0.28725691792581853,
    "tau2": 0.025796455988284762,
    "combined_results": [
        {
            "study_id": "Matignon2019",
            "sample_size": 61,
            "effect_size": 0.8200000000000001,
            "ci_lb": 0.7033172707293778,
            "ci_ub": 0.8974815881424538,
            "weight_percent": 26.82429868139216
        },
        {
            "study_id": "Muller2015",
            "sample_size": 27,
            "effect_size": 0.84,
            "ci_lb": 0.6523363443814894,
            "ci_ub": 0.936263011099448,
            "weight_percent": 12.18190942198316
        },
        {
            "study_id": "Stock2010",
            "sample_size": 150,
            "effect_size": 0.737,
            "ci_lb": 0.6608173085285628,
            "ci_ub": 0.8012187735627254,
            "weight_percent": 60.99379189662467
        },
        {
            "study_id": "Pooled Estimate",
            "sample_size": 238,
            "effect_size": 0.7750856900597299,
            "ci_lb": 0.7030173363999365,
            "ci_ub": 0.8337998257336047,
            "weight_percent": 100.0
        }
    ],
    "Z_value": 6.457307455302293,
    "p_value_for_Z": 1.0658229854243473e-10
}