{
    "Pooled_Hazard_Ratio": 2.6611584658599914,
    "95%_CI": [
        1.9148893404091576,
        3.6982629914818634
    ],
    "I2": 9.042900361318756,
    "Q": 1.0994194009839897,
    "p_value_for_Q": 0.29439355682123036,
    "tau2": 0.00510178505049421,
    "Z": 5.829117823423016,
    "p_value_for_Z": 5.5721152136811725e-09,
    "combined_results": [
        {
            "study_id": "Alfano2018",
            "sample_size": 19.0,
            "effect_size": 2.2409272423109825,
            "ci_lb": 1.4293715744974622,
            "ci_ub": 3.5132606488953373,
            "weight_percent": 48.833883337965624
        },
        {
            "study_id": "Mazuecos2011",
            "sample_size": 20.0,
            "effect_size": 3.1355329619825176,
            "ci_lb": 2.0228953765491537,
            "ci_ub": 4.860146040993222,
            "weight_percent": 51.16611666203437
        },
        {
            "study_id": "Pooled Estimate",
            "sample_size": 39.0,
            "effect_size": 2.6611584658599914,
            "ci_lb": 1.9148893404091576,
            "ci_ub": 3.6982629914818634,
            "weight_percent": 100.0
        }
    ]
}