{
    "Pooled_Hazard_Ratio": 2.419327340164602,
    "95%_CI": [
        0.7125162999451607,
        8.214752110679317
    ],
    "I2": 98.09704974111054,
    "Q": 105.09996205403573,
    "p_value_for_Q": 0.0,
    "tau2": 1.1382586044182288,
    "Z": 1.4165411999200062,
    "p_value_for_Z": 0.1566171103670051,
    "combined_results": [
        {
            "study_id": "Gathogo2017",
            "sample_size": 40.0,
            "effect_size": 8.944608934745984,
            "ci_lb": 6.561031204715129,
            "ci_ub": 12.19412413982132,
            "weight_percent": 33.44014350765782
        },
        {
            "study_id": "Roland2008",
            "sample_size": 18.0,
            "effect_size": 0.96252199144857,
            "ci_lb": 0.606424650331007,
            "ci_ub": 1.527722501907589,
            "weight_percent": 32.58424633622837
        },
        {
            "study_id": "Stock2010",
            "sample_size": 150.0,
            "effect_size": 1.6168483185435607,
            "ci_lb": 1.3777413316538694,
            "ci_ub": 1.8974523193254293,
            "weight_percent": 33.97561015611381
        },
        {
            "study_id": "Pooled Estimate",
            "sample_size": 208.0,
            "effect_size": 2.419327340164602,
            "ci_lb": 0.7125162999451607,
            "ci_ub": 8.214752110679317,
            "weight_percent": 100.0
        }
    ]
}