{
    "Pooled_Hazard_Ratio": 3.472709933341685,
    "95%_CI": [
        1.0974263709904288,
        10.989087377448477
    ],
    "I2": 95.93813358518807,
    "Q": 49.23844843116538,
    "p_value_for_Q": 2.0323853711090578e-11,
    "tau2": 0.9929606592873887,
    "Z": 2.118178806817472,
    "p_value_for_Z": 0.03415992733605022,
    "combined_results": [
        {
            "study_id": "Alfano2018",
            "sample_size": 19.0,
            "effect_size": 1.318582592479337,
            "ci_lb": 0.8410556312276657,
            "ci_ub": 2.0672354938657924,
            "weight_percent": 33.03740599338473
        },
        {
            "study_id": "Mazuecos2011",
            "sample_size": 20.0,
            "effect_size": 11.68008874751481,
            "ci_lb": 7.535432671737047,
            "ci_ub": 18.104398127197904,
            "weight_percent": 33.12076536203748
        },
        {
            "study_id": "Mazuecos2013",
            "sample_size": 36.0,
            "effect_size": 2.7269630832130667,
            "ci_lb": 1.9670243126425484,
            "ci_ub": 3.7804960566129306,
            "weight_percent": 33.841828644577795
        },
        {
            "study_id": "Pooled Estimate",
            "sample_size": 75.0,
            "effect_size": 3.472709933341685,
            "ci_lb": 1.0974263709904288,
            "ci_ub": 10.989087377448477,
            "weight_percent": 100.0
        }
    ]
}