{
    "Pooled_Survival_Proportion": 0.8732122733489518,
    "95%_CI": [
        0.38960564912711254,
        1.9571063100229116
    ],
    "I2": 93.56856280782215,
    "Q": 15.548624205119124,
    "p_value_for_Q": 8.041014276161107e-05,
    "tau2": 0.31791438077852896,
    "combined_results": [
        {
            "study_id": "Muller2015",
            "sample_size": 27.0,
            "effect_size": 0.5676975579825315,
            "ci_lb": 0.38931416224490434,
            "ci_ub": 0.8278160637182113,
            "weight_percent": 47.765348094243286
        },
        {
            "study_id": "Stock2010",
            "sample_size": 150.0,
            "effect_size": 1.2945603266345167,
            "ci_lb": 1.1031147745079308,
            "ci_ub": 1.5192312513841848,
            "weight_percent": 52.234651905756714
        },
        {
            "study_id": "Pooled Estimate",
            "sample_size": 177.0,
            "effect_size": 0.8732122733489518,
            "ci_lb": 0.38960564912711254,
            "ci_ub": 1.9571063100229116,
            "weight_percent": 100.0
        }
    ]
}