{
    "Pooled_Survival_Proportion": 0.7517843119284612,
    "95%_CI": [
        0.1379341716868216,
        0.98285673279525
    ],
    "I2": 75.0304471363935,
    "Q": 4.004877482037395,
    "p_value_for_Q": 0.04536879438475905,
    "tau2": 3.517770423782751,
    "combined_results": [
        {
            "study_id": "Delaney1992",
            "sample_size": 17,
            "effect_size": 0.47059999999999996,
            "ci_lb": 0.25537963653474083,
            "ci_ub": 0.6973376023996062,
            "weight_percent": 59.966779105860354
        },
        {
            "study_id": "Mazuecos2012",
            "sample_size": 10,
            "effect_size": 0.9499999999999998,
            "ci_lb": 0.5251218481660807,
            "ci_ub": 0.9969461871819594,
            "weight_percent": 40.033220894139646
        },
        {
            "study_id": "Pooled Estimate",
            "sample_size": 27,
            "effect_size": 0.7517843119284612,
            "ci_lb": 0.1379341716868216,
            "ci_ub": 0.98285673279525,
            "weight_percent": 100.0
        }
    ],
    "Z_value": 0.7385901112099206,
    "p_value_for_Z": 0.4601559307756644
}