{
    "Pooled_Hazard_Ratio": 3.0390475830748755,
    "95%_CI": [
        1.935933520285929,
        4.7707269466717825
    ],
    "I2": 73.42527125446735,
    "Q": 7.525946997055276,
    "p_value_for_Q": 0.023214609039073464,
    "tau2": 0.11615639707935696,
    "Z": 4.831144762485097,
    "p_value_for_Z": 1.3575025381573624e-06,
    "combined_results": [
        {
            "study_id": "Alfano2018",
            "sample_size": 19.0,
            "effect_size": 4.688763172028254,
            "ci_lb": 2.99071949820925,
            "ci_ub": 7.350906728809601,
            "weight_percent": 31.362584446591978
        },
        {
            "study_id": "Mazuecos2011",
            "sample_size": 20.0,
            "effect_size": 1.949145186726922,
            "ci_lb": 1.2574949248691427,
            "ci_ub": 3.0212185224811745,
            "weight_percent": 31.859303913404307
        },
        {
            "study_id": "Mazuecos2013",
            "sample_size": 36.0,
            "effect_size": 3.0849057762472882,
            "ci_lb": 2.2252170194178347,
            "ci_ub": 4.2767260744813305,
            "weight_percent": 36.77811164000372
        },
        {
            "study_id": "Pooled Estimate",
            "sample_size": 75.0,
            "effect_size": 3.0390475830748755,
            "ci_lb": 1.935933520285929,
            "ci_ub": 4.7707269466717825,
            "weight_percent": 100.0
        }
    ]
}