{
    "Pooled_Survival_Proportion": 1.8527385930636717,
    "95%_CI": [
        1.2705662778975366,
        2.7016617345674394
    ],
    "I2": 0,
    "Q": 0.0,
    "p_value_for_Q": NaN,
    "tau2": 0,
    "combined_results": [
        {
            "study_id": "Muller2015",
            "sample_size": 27.0,
            "effect_size": 1.8527385930636717,
            "ci_lb": 1.2705662778975366,
            "ci_ub": 2.7016617345674394,
            "weight_percent": 100.0
        },
        {
            "study_id": "Pooled Estimate",
            "sample_size": 27.0,
            "effect_size": 1.8527385930636717,
            "ci_lb": 1.2705662778975366,
            "ci_ub": 2.7016617345674394,
            "weight_percent": 100.0
        }
    ]
}