{
    "Pooled_Survival_Proportion": 0.8786201109308164,
    "95%_CI": [
        0.8304865940396692,
        0.9144932727199807
    ],
    "I2": 0,
    "Q": 0.4644420770697373,
    "p_value_for_Q": 0.7927708710268253,
    "tau2": 0,
    "combined_results": [
        {
            "study_id": "Matignon2019",
            "sample_size": 61,
            "effect_size": 0.8899999999999999,
            "ci_lb": 0.7839260728822668,
            "ci_ub": 0.9474887721842229,
            "weight_percent": 23.68664252481943
        },
        {
            "study_id": "Muller2015",
            "sample_size": 27,
            "effect_size": 0.84,
            "ci_lb": 0.6523363443814894,
            "ci_ub": 0.936263011099448,
            "weight_percent": 14.393089032647024
        },
        {
            "study_id": "Stock2010",
            "sample_size": 150,
            "effect_size": 0.882,
            "ci_lb": 0.8198669551931788,
            "ci_ub": 0.9246706997665743,
            "weight_percent": 61.92026844253354
        },
        {
            "study_id": "Pooled Estimate",
            "sample_size": 238,
            "effect_size": 0.8786201109308164,
            "ci_lb": 0.8304865940396692,
            "ci_ub": 0.9144932727199807,
            "weight_percent": 100.0
        }
    ],
    "Z_value": 9.939032056535954,
    "p_value_for_Z": 0.0
}