{
    "Pooled_Hazard_Ratio": 1.2771899618504532,
    "95%_CI": [
        0.6262144162828881,
        2.604881261492186
    ],
    "I2": 88.27710862724996,
    "Q": 8.530318743074838,
    "p_value_for_Q": 0.0034927852527041336,
    "tau2": 0.233579331382414,
    "Z": 0.6728237482280216,
    "p_value_for_Z": 0.5010594274295288,
    "combined_results": [
        {
            "study_id": "Gathogo2017",
            "sample_size": 40.0,
            "effect_size": 0.8951235563190394,
            "ci_lb": 0.6565891955623638,
            "ci_ub": 1.220315817702396,
            "weight_percent": 51.137295431684706
        },
        {
            "study_id": "Muller2015",
            "sample_size": 27.0,
            "effect_size": 1.8527385930636717,
            "ci_lb": 1.2705662778975366,
            "ci_ub": 2.7016617345674394,
            "weight_percent": 48.862704568315294
        },
        {
            "study_id": "Pooled Estimate",
            "sample_size": 67.0,
            "effect_size": 1.2771899618504532,
            "ci_lb": 0.6262144162828881,
            "ci_ub": 2.604881261492186,
            "weight_percent": 100.0
        }
    ]
}