{
    "Pooled_Hazard_Ratio": 1.5334203776313375,
    "95%_CI": [
        1.2297865754618977,
        1.9120212412888598
    ],
    "I2": 32.66892957015322,
    "Q": 1.4851984286242923,
    "p_value_for_Q": 0.2229629478010252,
    "tau2": 0.01060248418104935,
    "Z": 3.7972491117818103,
    "p_value_for_Z": 0.00014631073710025255,
    "combined_results": [
        {
            "study_id": "Muller2015",
            "sample_size": 27.0,
            "effect_size": 1.848713084481004,
            "ci_lb": 1.2678056750387885,
            "ci_ub": 2.6957917416063806,
            "weight_percent": 26.605306037087136
        },
        {
            "study_id": "Stock2010",
            "sample_size": 150.0,
            "effect_size": 1.4329252197923494,
            "ci_lb": 1.2210176290720103,
            "ci_ub": 1.6816093696185772,
            "weight_percent": 73.39469396291287
        },
        {
            "study_id": "Pooled Estimate",
            "sample_size": 177.0,
            "effect_size": 1.5334203776313375,
            "ci_lb": 1.2297865754618977,
            "ci_ub": 1.9120212412888598,
            "weight_percent": 100.0
        }
    ]
}