{
    "Pooled_Hazard_Ratio": 0.9431561224309662,
    "95%_CI": [
        0.6431083533720007,
        1.3831937753799732
    ],
    "I2": 80.07819416377225,
    "Q": 10.039250540043945,
    "p_value_for_Q": 0.006607002087233638,
    "tau2": 0.08875605691768261,
    "Z": -0.29955703814423557,
    "p_value_for_Z": 0.7645150585712699,
    "combined_results": [
        {
            "study_id": "Gathogo2017",
            "sample_size": 40.0,
            "effect_size": 0.8951235563190394,
            "ci_lb": 0.6565891955623638,
            "ci_ub": 1.220315817702396,
            "weight_percent": 33.5526066709481
        },
        {
            "study_id": "Roland2008",
            "sample_size": 18.0,
            "effect_size": 0.6411234738658493,
            "ci_lb": 0.40393163160145046,
            "ci_ub": 1.0175962380370767,
            "weight_percent": 26.44840681067712
        },
        {
            "study_id": "Stock2010",
            "sample_size": 150.0,
            "effect_size": 1.2719645994142696,
            "ci_lb": 1.0838606076494384,
            "ci_ub": 1.4927140360528648,
            "weight_percent": 39.99898651837477
        },
        {
            "study_id": "Pooled Estimate",
            "sample_size": 208.0,
            "effect_size": 0.9431561224309662,
            "ci_lb": 0.6431083533720007,
            "ci_ub": 1.3831937753799732,
            "weight_percent": 100.0
        }
    ]
}