{
    "Pooled_Survival_Proportion": 0.74,
    "95%_CI": [
        0.5463717600106919,
        0.8705595791979932
    ],
    "I2": 0,
    "Q": 0.0,
    "p_value_for_Q": NaN,
    "tau2": 0,
    "combined_results": [
        {
            "study_id": "Muller2015",
            "sample_size": 27,
            "effect_size": 0.74,
            "ci_lb": 0.5463717600106919,
            "ci_ub": 0.8705595791979932,
            "weight_percent": 100.0
        },
        {
            "study_id": "Pooled Estimate",
            "sample_size": 27,
            "effect_size": 0.74,
            "ci_lb": 0.5463717600106919,
            "ci_ub": 0.8705595791979932,
            "weight_percent": 100.0
        }
    ]
}