{
    "Pooled_Hazard_Ratio": 0.7680356510590887,
    "95%_CI": [
        0.6640486398509088,
        0.8883065575289739
    ],
    "I2": 45.976409769151964,
    "Q": 3.702086424567131,
    "p_value_for_Q": 0.15707322010051628,
    "tau2": 0.007992535726829274,
    "Z": -3.555669573549748,
    "p_value_for_Z": 0.00037701767802222896,
    "combined_results": [
        {
            "study_id": "Locke2014",
            "sample_size": 516.0,
            "effect_size": 0.7511178958836502,
            "ci_lb": 0.6890256070282836,
            "ci_ub": 0.8188056986008695,
            "weight_percent": 55.47878463690272
        },
        {
            "study_id": "Qiu2006",
            "sample_size": 38.0,
            "effect_size": 1.0,
            "ci_lb": 0.727636269524311,
            "ci_ub": 1.3743130213310362,
            "weight_percent": 16.05829458481955
        },
        {
            "study_id": "Vivanco2013",
            "sample_size": 88.0,
            "effect_size": 0.6911467331034282,
            "ci_lb": 0.5608286645639634,
            "ci_ub": 0.8517464189369387,
            "weight_percent": 28.462920778277716
        },
        {
            "study_id": "Pooled Estimate",
            "sample_size": 642.0,
            "effect_size": 0.7680356510590887,
            "ci_lb": 0.6640486398509088,
            "ci_ub": 0.8883065575289739,
            "weight_percent": 100.0
        }
    ]
}