{
    "Pooled_Hazard_Ratio": 1.6906492320539739,
    "95%_CI": [
        1.2034327208394764,
        2.3751180903996323
    ],
    "I2": 89.26725899964082,
    "Q": 18.63456874560811,
    "p_value_for_Q": 8.98575991092887e-05,
    "tau2": 0.07811141848069345,
    "Z": 3.0277026877877664,
    "p_value_for_Z": 0.0024642039778077773,
    "combined_results": [
        {
            "study_id": "Locke2014",
            "sample_size": 516.0,
            "effect_size": 1.9490980273188359,
            "ci_lb": 1.7879729118303704,
            "ci_ub": 2.124743107102842,
            "weight_percent": 37.57684862013508
        },
        {
            "study_id": "Qiu2006",
            "sample_size": 38.0,
            "effect_size": 1.0,
            "ci_lb": 0.727636269524311,
            "ci_ub": 1.3743130213310362,
            "weight_percent": 28.804794810814084
        },
        {
            "study_id": "Vivanco2013",
            "sample_size": 88.0,
            "effect_size": 2.2615129749648846,
            "ci_lb": 1.8350970074741444,
            "ci_ub": 2.787013937194589,
            "weight_percent": 33.61835656905085
        },
        {
            "study_id": "Pooled Estimate",
            "sample_size": 642.0,
            "effect_size": 1.6906492320539739,
            "ci_lb": 1.2034327208394764,
            "ci_ub": 2.3751180903996323,
            "weight_percent": 100.00000000000003
        }
    ]
}