{
    "Pooled_Hazard_Ratio": 2.1800266127248995,
    "95%_CI": [
        1.2691290876054542,
        3.7447065697278057
    ],
    "I2": 89.64650820247655,
    "Q": 9.658577217776912,
    "p_value_for_Q": 0.0018846953151522294,
    "tau2": 0.13709413928146777,
    "Z": 2.823444076015671,
    "p_value_for_Z": 0.004751071378767513,
    "combined_results": [
        {
            "study_id": "Gathogo2017",
            "sample_size": 40.0,
            "effect_size": 1.626192363081649,
            "ci_lb": 1.1928412876276446,
            "ci_ub": 2.2169769181988452,
            "weight_percent": 47.002936584927426
        },
        {
            "study_id": "Stock2010",
            "sample_size": 150.0,
            "effect_size": 2.827188765469874,
            "ci_lb": 2.409091050720217,
            "ci_ub": 3.3178473321751376,
            "weight_percent": 52.997063415072574
        },
        {
            "study_id": "Pooled Estimate",
            "sample_size": 190.0,
            "effect_size": 2.1800266127248995,
            "ci_lb": 1.2691290876054542,
            "ci_ub": 3.7447065697278057,
            "weight_percent": 100.0
        }
    ]
}