{
    "Pooled_Hazard_Ratio": 0.6095408207868619,
    "95%_CI": [
        0.48356645871597015,
        0.7683328847746878
    ],
    "I2": 48.336334635448864,
    "Q": 1.9355963092122126,
    "p_value_for_Q": 0.16414747876741442,
    "tau2": 0.014813608229193365,
    "Z": -4.191035918132649,
    "p_value_for_Z": 2.776836915541203e-05,
    "combined_results": [
        {
            "study_id": "Gathogo2017",
            "sample_size": 40.0,
            "effect_size": 0.7158850387316251,
            "ci_lb": 0.5251145256738134,
            "ci_ub": 0.9759611734643308,
            "weight_percent": 35.044728447103616
        },
        {
            "study_id": "Stock2010",
            "sample_size": 150.0,
            "effect_size": 0.5588849169015608,
            "ci_lb": 0.47623443759203404,
            "ci_ub": 0.6558793856223414,
            "weight_percent": 64.95527155289639
        },
        {
            "study_id": "Pooled Estimate",
            "sample_size": 190.0,
            "effect_size": 0.6095408207868619,
            "ci_lb": 0.48356645871597015,
            "ci_ub": 0.7683328847746878,
            "weight_percent": 100.0
        }
    ]
}