{
    "Pooled_Survival_Proportion": 0.28664855960445496,
    "95%_CI": [
        0.16786747010673927,
        0.4445743084406085
    ],
    "I2": 86.17173447345591,
    "Q": 14.463129856458814,
    "p_value_for_Q": 0.0007233879267116716,
    "tau2": 0.29739174197348445,
    "combined_results": [
        {
            "study_id": "Durand2024",
            "sample_size": 198,
            "effect_size": 0.22500000000000003,
            "ci_lb": 0.17216959339228136,
            "ci_ub": 0.28839396793445515,
            "weight_percent": 37.875760733678874
        },
        {
            "study_id": "Muller2015",
            "sample_size": 27,
            "effect_size": 0.22000000000000003,
            "ci_lb": 0.1019044362509242,
            "ci_ub": 0.4121482343300408,
            "weight_percent": 24.08484564108895
        },
        {
            "study_id": "Stock2010",
            "sample_size": 150,
            "effect_size": 0.4099999999999999,
            "ci_lb": 0.3341784376355038,
            "ci_ub": 0.49035516180290306,
            "weight_percent": 38.03939362523219
        },
        {
            "study_id": "Pooled Estimate",
            "sample_size": 375,
            "effect_size": 0.28664855960445496,
            "ci_lb": 0.16786747010673927,
            "ci_ub": 0.4445743084406085,
            "weight_percent": 100.0
        }
    ]
}