{
    "Pooled_Survival_Proportion": 0.3295068044465526,
    "95%_CI": [
        0.17220700738476924,
        0.5372390973531065
    ],
    "I2": 70.06472537038051,
    "Q": 3.340540590900573,
    "p_value_for_Q": 0.06759239859983834,
    "tau2": 0.284835769812416,
    "combined_results": [
        {
            "study_id": "Muller2015",
            "sample_size": 27,
            "effect_size": 0.22000000000000003,
            "ci_lb": 0.1019044362509242,
            "ci_ub": 0.4121482343300408,
            "weight_percent": 38.4219573988862
        },
        {
            "study_id": "Stock2010",
            "sample_size": 150,
            "effect_size": 0.4099999999999999,
            "ci_lb": 0.3341784376355038,
            "ci_ub": 0.49035516180290306,
            "weight_percent": 61.5780426011138
        },
        {
            "study_id": "Pooled Estimate",
            "sample_size": 177,
            "effect_size": 0.3295068044465526,
            "ci_lb": 0.17220700738476924,
            "ci_ub": 0.5372390973531065,
            "weight_percent": 100.0
        }
    ]
}