{
    "Pooled_Survival_Proportion": 2.827188765469874,
    "95%_CI": [
        2.409091050720217,
        3.3178473321751376
    ],
    "I2": 0,
    "Q": 0.0,
    "p_value_for_Q": NaN,
    "tau2": 0,
    "Z": 12.72856339048353,
    "p_value_for_Z": 0.0,
    "combined_results": [
        {
            "study_id": "Stock2010",
            "sample_size": 150.0,
            "effect_size": 2.827188765469874,
            "ci_lb": 2.409091050720217,
            "ci_ub": 3.3178473321751376,
            "weight_percent": 100.0
        },
        {
            "study_id": "Pooled Estimate",
            "sample_size": 150.0,
            "effect_size": 2.827188765469874,
            "ci_lb": 2.409091050720217,
            "ci_ub": 3.3178473321751376,
            "weight_percent": 100.0
        }
    ]
}